<?xml version="1.0" encoding="UTF-8"?>
<!DOCTYPE mapper
PUBLIC "-//mybatis.org//DTD Mapper 3.0//EN"
"http://mybatis.org/dtd/mybatis-3-mapper.dtd">
<mapper namespace="com.human.dao.StudyUploadDao">
	<select id="getFiles" resultType="string">
		select fullname from study_attach where sId = #{sId} order by regdate
	</select>
	<delete id="deleteFile">
		delete from study_attach where fullName = #{fullName}
	</delete>
	<delete id="deleteFileAll">
		delete from study_attach where sId = #{sId}
	</delete>
	<insert id="addFile" parameterType="map">
    insert into study_attach(fullname, sId) values (#{fullName}, #{sId})
</insert>
</mapper>