<?xml version="1.0" encoding="UTF-8"?>
<!DOCTYPE mapper
PUBLIC "-//mybatis.org//DTD Mapper 3.0//EN"
"http://mybatis.org/dtd/mybatis-3-mapper.dtd">

<mapper namespace="com.human.dao.UserDao">

<insert id="userInsert">
insert into users (username,password,enabled)
values (#{username}, #{password}, #{enabled})
</insert>

<select id="userSelectAll" resultType="UserDto">
select * from users
</select>

<select id="selectName" resultType="UserDto">
select * from users where username=#{username}
</select>

<update id="update">
update users set 
username=#{username},password=#{password},enabled=#{enabled} where username=#{username}
</update>

<delete id="delete">
delete users where username=#{username}
</delete>
</mapper>